{
  "cv_accuracy": 0.6792703259034414,
  "cv_std": 0.020301208457958797,
  "0": {
    "precision": 0.5752961082910322,
    "recall": 0.7053941908713693,
    "f1-score": 0.6337371854613234,
    "support": 964.0
  },
  "1": {
    "precision": 0.7845220030349014,
    "recall": 0.6731770833333334,
    "f1-score": 0.7245970567624387,
    "support": 1536.0
  },
  "accuracy": 0.6856,
  "macro avg": {
    "precision": 0.6799090556629668,
    "recall": 0.6892856371023514,
    "f1-score": 0.679167121111881,
    "support": 2500.0
  },
  "weighted avg": {
    "precision": 0.7038444980216655,
    "recall": 0.6856,
    "f1-score": 0.6895614903887286,
    "support": 2500.0
  }
}