{
  "cv_accuracy": 0.7039975675647009,
  "cv_std": 0.015539802457751163,
  "0": {
    "precision": 0.6863354037267081,
    "recall": 0.45850622406639,
    "f1-score": 0.5497512437810945,
    "support": 964.0
  },
  "1": {
    "precision": 0.71875,
    "recall": 0.8684895833333334,
    "f1-score": 0.7865566037735849,
    "support": 1536.0
  },
  "accuracy": 0.7104,
  "macro avg": {
    "precision": 0.7025427018633541,
    "recall": 0.6634979036998617,
    "f1-score": 0.6681539237773397,
    "support": 2500.0
  },
  "weighted avg": {
    "precision": 0.7062509316770187,
    "recall": 0.7104,
    "f1-score": 0.6952444569604807,
    "support": 2500.0
  }
}