{
  "cv_accuracy": 0.4736224833880591,
  "cv_std": 0.022467953256081707,
  "0": {
    "precision": 0.6536219816819318,
    "recall": 0.5110677083333334,
    "f1-score": 0.5736207526488857,
    "support": 1536.0
  },
  "1": {
    "precision": 0.4859903381642512,
    "recall": 0.5217842323651453,
    "f1-score": 0.5032516258129065,
    "support": 964.0
  },
  "2": {
    "precision": 0.29612961296129614,
    "recall": 0.3884297520661157,
    "f1-score": 0.33605720122574056,
    "support": 847.0
  },
  "accuracy": 0.48311921123394086,
  "macro avg": {
    "precision": 0.47858064426915964,
    "recall": 0.4737605642548648,
    "f1-score": 0.47097652656251093,
    "support": 3347.0
  },
  "weighted avg": {
    "precision": 0.5148729704308345,
    "recall": 0.48311921123394086,
    "f1-score": 0.49323468562609274,
    "support": 3347.0
  }
}