{
  "cv_accuracy": 0.7176962582435877,
  "cv_std": 0.01397660339352579,
  "0": {
    "precision": 0.7014157014157014,
    "recall": 0.5767195767195767,
    "f1-score": 0.6329849012775842,
    "support": 945.0
  },
  "1": {
    "precision": 0.7319034852546917,
    "recall": 0.824773413897281,
    "f1-score": 0.7755681818181818,
    "support": 1324.0
  },
  "accuracy": 0.7214631996474218,
  "macro avg": {
    "precision": 0.7166595933351966,
    "recall": 0.7007464953084288,
    "f1-score": 0.704276541547883,
    "support": 2269.0
  },
  "weighted avg": {
    "precision": 0.7192058405972013,
    "recall": 0.7214631996474218,
    "f1-score": 0.716184664801494,
    "support": 2269.0
  }
}